{
  "format_version": "1.10.0",
  "minecraft:client_entity": {
    "description": {
      "identifier": "minecraft:player",
      "materials": {
        "default": "entity_alphatest",
        "blend": "wither_boss_armor",
        "blend2": "entity_alphablend",
        "cape": "entity_alphatest",
        "animated": "player_animated"
      },
      "textures": {
        "default": "textures/entity/steve",
        "z5": "NeBux/DebugScreen/z5",
        "z10": "NeBux/DebugScreen/z10",
        "z20": "NeBux/DebugScreen/z20",
        "z30": "NeBux/DebugScreen/z30",
        "z40": "NeBux/DebugScreen/z40",
        "z50": "NeBux/DebugScreen/z50",
        "z60": "NeBux/DebugScreen/z60",
        "z70": "NeBux/DebugScreen/z70",
        "z80": "NeBux/DebugScreen/z80",
        "z90": "NeBux/DebugScreen/z90",
        "z100": "NeBux/DebugScreen/z100",
        "z110": "NeBux/DebugScreen/z110",
        "z120": "NeBux/DebugScreen/z120",
        "p120": "NeBux/DebugScreen/100p",
        "z15": "NeBux/DebugScreen/z15",
        "z25": "NeBux/DebugScreen/z25",
        "z35": "NeBux/DebugScreen/z35",
        "z45": "NeBux/DebugScreen/z45",
        "z55": "NeBux/DebugScreen/z55",
        "z552": "NeBux/DebugScreen/z55",
        "fpsx1": "NeBux/DebugScreen/fps",
        "fpsbg": "NeBux/DebugScreen/fpsbg",
        "cape": "textures/entity/cape_invisible",
        "defaultblank": "NeBux/DebugScreen/blank",
        "defaultblank2": "textures/entity/steve"
      },
      "geometry": {
        "default": "geometry.humanoid.custom",
        "cape": "geometry.cape",
        "fps": "geometry.fps",
        "fpsx1": "geometry.fpsx1",
        "fpsbg": "geometry.fpsbg"
      },
      "scripts": {
        "scale": "0.9375",
        "initialize": [
          "variable.is_holding_right = 0.0;",
          "variable.is_random_geometry = 0.0;",
          "variable.is_blinking = 0.0;",
          "variable.life_time = 0.0;",
          "variable.fps0 = 0.0;",
          "variable.fps1 = 0.0;",
          "variable.fps2 = 0.0;",
          "variable.fps3 = 0.0;",
          "variable.fps4 = 0.0;",
          "variable.fps5 = 0.0;",
          "variable.fps6 = 0.0;",
          "variable.fps7 = 0.0;",
          "variable.fps8 = 0.0;",
          "variable.fps9 = 0.0;",
          "variable.fps10 = 0.0;",
          "variable.fps10p = 0.0;",
          "variable.fps15 = 0.0;",
          "variable.fps25 = 0.0;",
          "variable.fps35 = 0.0;",
          "variable.fps45 = 0.0;",
          "variable.fps55 = 0.0;",
          "variable.fps11 = 0.0;",
          "variable.fps12p = 0.0;",
          "variable.last_blink_time = 0.0;",
          "variable.hand_bob = 0.0;"
        ],
        "pre_animation": [
          "variable.helmet_layer_visible = 1.0;",
          "variable.leg_layer_visible = 1.0;",
          "variable.boot_layer_visible = 1.0;",
          "variable.chest_layer_visible = 1.0;",
          "variable.fps0 = variable.fps0;",
          "variable.fps1 = variable.fps1;",
          "variable.fps2 = variable.fps2;",
          "variable.fps3 = variable.fps3;",
          "variable.fps4 = variable.fps4;",
          "variable.fps5 = variable.fps5;",
          "variable.fps6 = variable.fps6;",
          "variable.fps7 = variable.fps7;",
          "variable.fps8 = variable.fps8;",
          "variable.fps9 = variable.fps9;",
          "variable.fps10 = variable.fps10;",
          "variable.fps10p = variable.fps10p;",
          "variable.fps15 = variable.fps15;",
          "variable.fps25 = variable.fps25;",
          "variable.fps35 = variable.fps35;",
          "variable.fps45 = variable.fps45;",
          "variable.fps55 = variable.fps55;",
          "variable.fps11 = variable.fps11;",
          "variable.fps12p = variable.fps12p;",
          "variable.attack_body_rot_y = Math.sin(360*Math.sqrt(variable.attack_time)) * 5.0;",
          "variable.tcos0 = (math.cos(query.modified_distance_moved * 38.17) * query.modified_move_speed / variable.gliding_speed_value) * 57.3;",
          "variable.first_person_rotation_factor = math.sin((1 - variable.attack_time) * 180.0);",
          "variable.hand_bob = query.life_time < 0.01 ? 0.0 : variable.hand_bob + ((query.is_on_ground && query.is_alive ? math.clamp(math.sqrt(math.pow(query.position_delta(0), 2.0) + math.pow(query.position_delta(2), 2.0)), 0.0, 0.1) : 0.0) - variable.hand_bob) * 0.02;",

          "variable.map_angle = math.clamp(1 - variable.player_x_rotation / 45.1, 0.0, 1.0);",
          "variable.item_use_normalized = query.main_hand_item_use_duration / query.main_hand_item_max_duration;",
"variable.health = math.round(query.health / query.max_health * 100);"
        ],
        "animate": [
          "fps",
          "fpsx1",
          "fpsbg",
          "fps0",
          "fps1",
          "fps2",
          "fps3",
          "fps4",
          "fps5",
          "fps6",
          "fps7",
          "fps8",
          "fps9",
          "fps10",
          "fps10p",
          "fps15",
          "fps25",
          "fps35",
          "fps45",
          "fps55",
          "fps11",
          "fps12p",
          "root"
        ]
      },
      "animations": {
        "fpsx1": "animation.player.fpsx1",
        "fpsbg": "animation.player.fpsbg",
        "fps": "animation.player.fps",
        "fps0": "controller.animation.fps0",
        "fps1": "controller.animation.fps1",
        "fps2": "controller.animation.fps2",
        "fps3": "controller.animation.fps3",
        "fps4": "controller.animation.fps4",
        "fps5": "controller.animation.fps5",
        "fps6": "controller.animation.fps6",
        "fps7": "controller.animation.fps7",
        "fps8": "controller.animation.fps8",
        "fps9": "controller.animation.fps9",
        "fps10": "controller.animation.fps10",
        "fps10p": "controller.animation.fps10p",
        "fps15": "controller.animation.fps15",
        "fps25": "controller.animation.fps25",
        "fps35": "controller.animation.fps35",
        "fps45": "controller.animation.fps45",
        "fps55": "controller.animation.fps55",
        "fps11": "controller.animation.fps11",
        "fps12p": "controller.animation.fps12p",
        "root": "controller.animation.player.root",
        "base_controller": "controller.animation.player.base",
        "humanoid_base_pose": "animation.humanoid.base_pose",
        "look_at_target": "controller.animation.humanoid.look_at_target",
        "look_at_target_ui": "animation.player.look_at_target.ui",
        "look_at_target_default": "animation.humanoid.look_at_target.default",
        "look_at_target_gliding": "animation.humanoid.look_at_target.gliding",
        "look_at_target_swimming": "animation.humanoid.look_at_target.swimming",
        "look_at_target_inverted": "animation.player.look_at_target.inverted",
        "cape": "animation.player.cape",
        "move.arms": "animation.player.move.arms",
        "move.legs": "animation.player.move.legs",
        "swimming": "animation.player.swim",
        "swimming.legs": "animation.player.swim.legs",
        "riding.arms": "animation.player.riding.arms",
        "riding.legs": "animation.player.riding.legs",
        "holding": "animation.player.holding",
        "brandish_spear": "animation.humanoid.brandish_spear",
        "charging": "animation.humanoid.charging",
        "attack.positions": "animation.player.attack.positions",
        "attack.rotations": "animation.player.attack.rotations",
        "sneaking": "animation.player.sneaking",
        "bob": "animation.player.bob",
        "damage_nearby_mobs": "animation.humanoid.damage_nearby_mobs",
        "bow_and_arrow": "animation.humanoid.bow_and_arrow",
        "use_item_progress": "animation.humanoid.use_item_progress",
        "skeleton_attack": "animation.skeleton.attack",
        "sleeping": "animation.player.sleeping",
        "first_person_base_pose": "animation.player.first_person.base_pose",
        "first_person_swap_item": "animation.player.first_person.swap_item",
        "first_person_attack_controller": "controller.animation.player.first_person_attack",
        "first_person_attack_rotation": "animation.player.first_person.attack_rotation",
        "first_person_vr_attack_rotation": "animation.player.first_person.vr_attack_rotation",
        "first_person_walk": "animation.player.first_person.walk",
        "first_person_map_controller": "controller.animation.player.first_person_map",
        "first_person_map_hold": "animation.player.first_person.map_hold",
        "first_person_map_hold_attack": "animation.player.first_person.map_hold_attack",
        "first_person_map_hold_off_hand": "animation.player.first_person.map_hold_off_hand",
        "first_person_map_hold_main_hand": "animation.player.first_person.map_hold_main_hand",
        "first_person_crossbow_equipped": "animation.player.first_person.crossbow_equipped",
        "third_person_crossbow_equipped": "animation.player.crossbow_equipped",
        "third_person_bow_equipped": "animation.player.bow_equipped",
        "crossbow_hold": "animation.player.crossbow_hold",
        "crossbow_controller": "controller.animation.player.crossbow",
        "shield_block_main_hand": "animation.player.shield_block_main_hand",
        "shield_block_off_hand": "animation.player.shield_block_off_hand",
        "blink": "controller.animation.persona.blink"
      },
      "render_controllers": [
        { "controller.render.player.first_person": "variable.is_first_person" },
        { "controller.render.player.third_person": "!variable.is_first_person && !variable.map_face_icon" },
        { "controller.render.player.map": "variable.map_face_icon" },
        { "controller.render.player.third_person_11": "variable.is_first_person != 1 && variable.is_paperdoll && query.is_in_ui == 0 && query.target_y_rotation == 0" },
        { "controller.render.player.third_person_12": "variable.is_first_person != 1 && variable.is_paperdoll && query.is_in_ui == 0 && query.target_y_rotation == 0" },
        { "controller.render.player.third_person_13": "variable.is_first_person != 1 && variable.is_paperdoll && query.is_in_ui == 0 && query.target_y_rotation == 0" },

{ "controller.render.player.third_person_14": "variable.is_first_person != 1 && variable.is_paperdoll && query.is_in_ui == 0 && query.target_y_rotation == 0" }

//        { "controller.render.player.third_person_0": "(1/query.delta_time+ 1/query.delta_time+ 1/query.delta_time+ 1/query.delta_time+ 1/query.delta_time+ 1/query.delta_time) <= 57.5 && (1/query.delta_time+ 1/query.delta_time+ 1/query.delta_time+ 1/query.delta_time+ 1/query.delta_time+ 1/query.delta_time) >= 1 && variable.is_first_person != 1 && variable.is_paperdoll && query.is_in_ui == 0 && query.target_y_rotation == 0" },

//        { "controller.render.player.third_person_1": "(1/query.delta_time+ 1/query.delta_time+ 1/query.delta_time+ 1/query.delta_time+ 1/query.delta_time+ 1/query.delta_time) <= 115 && (1/query.delta_time+ 1/query.delta_time+ 1/query.delta_time+ 1/query.delta_time+ 1/query.delta_time+ 1/query.delta_time) >= 57.6 && variable.is_first_person != 1 && variable.is_paperdoll && query.is_in_ui == 0 && query.target_y_rotation == 0" },

//        { "controller.render.player.third_person_2": "(1/query.delta_time+ 1/query.delta_time+ 1/query.delta_time+ 1/query.delta_time+ 1/query.delta_time+ 1/query.delta_time) <= 160 && (1/query.delta_time+ 1/query.delta_time+ 1/query.delta_time+ 1/query.delta_time+ 1/query.delta_time+ 1/query.delta_time) >= 115.1 && variable.is_first_person != 1 && variable.is_paperdoll && query.is_in_ui == 0 && query.target_y_rotation == 0" },

//        { "controller.render.player.third_person_3": "(1/query.delta_time+ 1/query.delta_time+ 1/query.delta_time+ 1/query.delta_time+ 1/query.delta_time+ 1/query.delta_time) <= 190 && (1/query.delta_time+ 1/query.delta_time+ 1/query.delta_time+ 1/query.delta_time+ 1/query.delta_time+ 1/query.delta_time) >= 160.1 && variable.is_first_person != 1 && variable.is_paperdoll && query.is_in_ui == 0 && query.target_y_rotation == 0" },

//        { "controller.render.player.third_person_4": "(1/query.delta_time+ 1/query.delta_time+ 1/query.delta_time+ 1/query.delta_time+ 1/query.delta_time+ 1/query.delta_time) <= 260 && (1/query.delta_time+ 1/query.delta_time+ 1/query.delta_time+ 1/query.delta_time+ 1/query.delta_time+ 1/query.delta_time) >= 190.1 && variable.is_first_person != 1 && variable.is_paperdoll && query.is_in_ui == 0 && query.target_y_rotation == 0" },

//        { "controller.render.player.third_person_5": "(1/query.delta_time+ 1/query.delta_time+ 1/query.delta_time+ 1/query.delta_time+ 1/query.delta_time+ 1/query.delta_time) <= 310 && (1/query.delta_time+ 1/query.delta_time+ 1/query.delta_time+ 1/query.delta_time+ 1/query.delta_time+ 1/query.delta_time) >= 260.1 && variable.is_first_person != 1 && variable.is_paperdoll && query.is_in_ui == 0 && query.target_y_rotation == 0" },

//        { "controller.render.player.third_person_6": "(1/query.delta_time+ 1/query.delta_time+ 1/query.delta_time+ 1/query.delta_time+ 1/query.delta_time+ 1/query.delta_time) <= 360 && (1/query.delta_time+ 1/query.delta_time+ 1/query.delta_time+ 1/query.delta_time+ 1/query.delta_time+ 1/query.delta_time) >= 310.1 && variable.is_first_person != 1 && variable.is_paperdoll && query.is_in_ui == 0 && query.target_y_rotation == 0" },

//        { "controller.render.player.third_person_7": "(1/query.delta_time+ 1/query.delta_time+ 1/query.delta_time+ 1/query.delta_time+ 1/query.delta_time+ 1/query.delta_time) <= 410 && (1/query.delta_time+ 1/query.delta_time+ 1/query.delta_time+ 1/query.delta_time+ 1/query.delta_time+ 1/query.delta_time) >= 360.1 && variable.is_first_person != 1 && variable.is_paperdoll && query.is_in_ui == 0 && query.target_y_rotation == 0" },

//        { "controller.render.player.third_person_8": "(1/query.delta_time+ 1/query.delta_time+ 1/query.delta_time+ 1/query.delta_time+ 1/query.delta_time+ 1/query.delta_time+ 1/query.delta_time) <= 570 && (1/query.delta_time+ 1/query.delta_time+ 1/query.delta_time+ 1/query.delta_time+ 1/query.delta_time+ 1/query.delta_time) >= 410.1 && variable.is_first_person != 1 && variable.is_paperdoll && query.is_in_ui == 0 && query.target_y_rotation == 0" },

//        { "controller.render.player.third_person_9": "(1/query.delta_time+ 1/query.delta_time+ 1/query.delta_time+ 1/query.delta_time+ 1/query.delta_time+ 1/query.delta_time+ 1/query.delta_time+ 1/query.delta_time) <= 680 && (1/query.delta_time+ 1/query.delta_time+ 1/query.delta_time+ 1/query.delta_time+ 1/query.delta_time+ 1/query.delta_time+ 1/query.delta_time) >= 570.1 && variable.is_first_person != 1 && variable.is_paperdoll && query.is_in_ui == 0 && query.target_y_rotation == 0" },

//        { "controller.render.player.third_person_10": "(1/query.delta_time+ 1/query.delta_time+ 1/query.delta_time+ 1/query.delta_time+ 1/query.delta_time+ 1/query.delta_time+ 1/query.delta_time+ 1/query.delta_time) <= 730 && (1/query.delta_time+ 1/query.delta_time+ 1/query.delta_time+ 1/query.delta_time+ 1/query.delta_time+ 1/query.delta_time+ 1/query.delta_time+ 1/query.delta_time) >= 680.1 && variable.is_first_person != 1 && variable.is_paperdoll && query.is_in_ui == 0 && query.target_y_rotation == 0" },     

//        { "controller.render.player.third_person_10p": "(1/query.delta_time+ 1/query.delta_time+ 1/query.delta_time+ 1/query.delta_time+ 1/query.delta_time+ 1/query.delta_time+ 1/query.delta_time+ 1/query.delta_time) >= 730.1 && variable.is_first_person != 1 && variable.is_paperdoll && query.is_in_ui == 0 && query.target_y_rotation == 0" }

      ],
      "enable_attachables": true
    }
  }
}
 